{"name":"9d10b2f4-c1fd-468c-adce-03255c2e211e","id":"/providers/Microsoft.Flow/flows/9d10b2f4-c1fd-468c-adce-03255c2e211e","type":"Microsoft.Flow/flows","properties":{"apiId":"/providers/Microsoft.PowerApps/apis/shared_logicflows","displayName":"Reports-Sample","definition":{"metadata":{"workflowEntityId":null,"processAdvisorMetadata":null,"flowclientsuspensionreason":"None","flowclientsuspensiontime":null,"creator":{"id":"5cb09dd9-405e-4c47-904f-5c0128a0bb7a","type":"User","tenantId":"3d24e369-128a-419f-a457-659738339df3"},"provisioningMethod":"FromDefinition","failureAlertSubscription":true,"clientLastModifiedTime":"2021-09-18T06:44:18.6744447Z"},"$schema":"https://schema.management.azure.com/providers/Microsoft.Logic/schemas/2016-06-01/workflowdefinition.json#","contentVersion":"1.0.0.0","parameters":{"$connections":{"defaultValue":{},"type":"Object"},"$authentication":{"defaultValue":{},"type":"SecureObject"}},"triggers":{"Recurrence":{"recurrence":{"frequency":"Month","interval":1,"startTime":"2021-08-23T04:30:00.000Z"},"type":"Recurrence"}},"actions":{"File_Name":{"runAfter":{},"type":"InitializeVariable","inputs":{"variables":[{"name":"FileName","type":"string","value":"UsersReport-@{formatDateTime(utcNow(), 'yyyy-MM-dd')}.xlsx"}]}},"Initialize_variable_For_Products_Name":{"runAfter":{"File_Name":["Succeeded"]},"type":"InitializeVariable","inputs":{"variables":[{"name":"ProductNames","type":"string"}]}},"Initialize_variable_to_store_licenses":{"runAfter":{"Initialize_variable_For_Products_Name":["Succeeded"]},"type":"InitializeVariable","inputs":{"variables":[{"name":"Licenses","type":"array"}]}},"Initialize_variable_to_store_SKU_IDs":{"runAfter":{"Initialize_variable_to_store_licenses":["Succeeded"]},"type":"InitializeVariable","inputs":{"variables":[{"name":"SKUIDs","type":"string"}]}},"Initialize_variable_to_store_Tenant_Id":{"runAfter":{"Initialize_variable_to_store_SKU_IDs":["Succeeded"]},"type":"InitializeVariable","inputs":{"variables":[{"name":"TenantId","type":"string","value":"3d24e369-128a-419f-a457-659738337664666"}]}},"Store_Client_ID":{"runAfter":{"Initialize_variable_to_store_Tenant_Id":["Succeeded"]},"type":"InitializeVariable","inputs":{"variables":[{"name":"Client ID","type":"string","value":"9abcdd6b-a8cc-4ad3-9abf-bf66c31a6800"}]}},"Store_Client_Secret":{"runAfter":{"Store_Client_ID":["Succeeded"]},"type":"InitializeVariable","inputs":{"variables":[{"name":"ClientSecret","type":"string","value":"enM-yP39WSZRQpF~~0B3_B8c4H5skvMuuyyyy"}]}},"Store_Audience_URL":{"runAfter":{"Store_Client_Secret":["Succeeded"]},"type":"InitializeVariable","inputs":{"variables":[{"name":"AudienceURL","type":"string","value":"https://graph.microsoft.com"}]}},"Get_Licenses_from_SP_list":{"runAfter":{"Store_Audience_URL":["Succeeded"]},"type":"OpenApiConnection","inputs":{"host":{"apiId":"/providers/Microsoft.PowerApps/apis/shared_sharepointonline","connectionName":"shared_sharepointonline","operationId":"GetItems"},"parameters":{"dataset":"https://dev1802.sharepoint.com/sites/Dataverse","table":"c5957a1b-431b-42d8-ae32-d04035d7f447","view":"b7f5752d-c31c-431c-8fd2-6f79b354be64"},"authentication":"@parameters('$authentication')"}},"Each_loop_on_Licenses":{"foreach":"@outputs('Get_Licenses_from_SP_list')?['body/value']","actions":{"Append_to_array_variable":{"runAfter":{},"type":"AppendToArrayVariable","inputs":{"name":"Licenses","value":{"Title":"@{items('Each_loop_on_Licenses')?['Title']}","GUID":"@{items('Each_loop_on_Licenses')?['GUID1']}"}}}},"runAfter":{"Get_Licenses_from_SP_list":["Succeeded"]},"type":"Foreach"},"Get_file_content":{"runAfter":{"Each_loop_on_Licenses":["Succeeded"]},"metadata":{"%252fGedeelde%2b%2bdocumenten%252fManaged%2bServices%252fTemplate%252fUsersReportTemplate.xlsx":"/Gedeelde  documenten/Managed Services/Template/UsersReportTemplate.xlsx","%252fDocuments1%252ffile_example_XLS_100.xls":"/Documents1/file_example_XLS_100.xls"},"type":"OpenApiConnection","inputs":{"host":{"apiId":"/providers/Microsoft.PowerApps/apis/shared_sharepointonline","connectionName":"shared_sharepointonline","operationId":"GetFileContent"},"parameters":{"dataset":"https://dev1802.sharepoint.com/sites/Dataverse","id":"%252fDocuments1%252ffile_example_XLS_100.xls","inferContentType":true},"authentication":"@parameters('$authentication')"}},"Create_file":{"runAfter":{"Get_file_content":["Succeeded"]},"type":"OpenApiConnection","inputs":{"host":{"apiId":"/providers/Microsoft.PowerApps/apis/shared_sharepointonline","connectionName":"shared_sharepointonline","operationId":"CreateFile"},"parameters":{"dataset":"https://dev1802.sharepoint.com/sites/Dataverse","folderPath":"/Documents1/Forms/Document","name":"@variables('FileName')","body":"@outputs('Get_file_content')?['body']"},"authentication":"@parameters('$authentication')"},"runtimeConfiguration":{"contentTransfer":{"transferMode":"Chunked"}}},"Get_worksheets":{"runAfter":{"Create_file":["Succeeded"]},"type":"OpenApiConnection","inputs":{"host":{"apiId":"/providers/Microsoft.PowerApps/apis/shared_excelonlinebusiness","connectionName":"shared_excelonlinebusiness_1","operationId":"GetAllWorksheets"},"parameters":{"source":"groups/ec57f23a-5761-4694-844e-96d099dfb4a8","drive":"b!AHmg6YONJkqNADLo8lHktxSsknZtDF5Ku24Sm6YsRt__pbyTNegJRrTBYBqVC9rv","file":"@outputs('Create_file')?['body/Path']"},"authentication":"@parameters('$authentication')"}},"Parse_JSON":{"runAfter":{"Get_worksheets":["Succeeded"]},"type":"ParseJson","inputs":{"content":"@outputs('Get_worksheets')?['body']","schema":{"type":"object","properties":{"@@odata.context":{"type":"string"},"value":{"type":"array","items":{"type":"object","properties":{"@@odata.id":{"type":"string"},"id":{"type":"string"},"name":{"type":"string"},"position":{"type":"integer"},"visibility":{"type":"string"}},"required":["@@odata.id","id","name","position","visibility"]}}}}}},"Get_All_Users":{"runAfter":{"Parse_JSON":["Succeeded"]},"type":"Http","inputs":{"method":"GET","uri":"https://graph.microsoft.com/beta/users?$filter=userType%20eq%20%27Member%27&$select=displayName,createdDateTime,accountEnabled,userPrincipalName,givenName,surname,externalUserState,assignedLicenses","authentication":{"type":"ActiveDirectoryOAuth","tenant":"@variables('TenantId')","audience":"@variables('AudienceURL')","clientId":"@variables('Client ID')","secret":"@variables('ClientSecret')"}}},"Parse_JSON_For_All_Users":{"runAfter":{"Get_All_Users":["Succeeded"]},"type":"ParseJson","inputs":{"content":"@body('Get_All_Users')","schema":{"type":"object","properties":{"@@odata.context":{"type":"string"},"value":{"type":"array","items":{"type":"object","properties":{"@@odata.id":{"type":"string"},"displayName":{"type":"string"},"createdDateTime":{"type":"string"},"accountEnabled":{"type":["boolean","null"]},"userPrincipalName":{"type":["string","null"]},"givenName":{"type":["string","null"]},"surname":{"type":["string","null"]},"externalUserState":{"type":["string","null"]},"assignedLicenses":{"type":"array"}},"required":["@@odata.id","displayName","createdDateTime","accountEnabled","userPrincipalName","givenName","surname","externalUserState"]}}}}}},"Apply_to_each":{"foreach":"@body('Parse_JSON_For_All_Users')?['value']","actions":{"Parse_JSON_For_Assigned_Licenses":{"runAfter":{},"type":"ParseJson","inputs":{"content":"@items('Apply_to_each')?['assignedLicenses']","schema":{"type":"array","items":{"type":"object","properties":{"skuId":{"type":"string"}},"required":["skuId"]}}}},"Apply_to_each_on_Assigned_Licenses":{"foreach":"@body('Parse_JSON_For_Assigned_Licenses')","actions":{"Condition":{"actions":{"Filter_array":{"runAfter":{},"type":"Query","inputs":{"from":"@variables('Licenses')","where":"@equals(item()?['GUID'], items('Apply_to_each_on_Assigned_Licenses')['skuId'])"}}},"runAfter":{},"expression":{"not":{"equals":["@items('Apply_to_each_on_Assigned_Licenses')['skuId']","@null"]}},"type":"If"}},"runAfter":{"Parse_JSON_For_Assigned_Licenses":["Succeeded"]},"type":"Foreach"}},"runAfter":{"Parse_JSON_For_All_Users":["Succeeded"]},"type":"Foreach"}}},"connectionReferences":{"shared_sharepointonline":{"connectionName":"shared-sharepointonl-80d6b4ad-b9e9-4c18-8668-7bd6-799d6073","source":"Embedded","id":"/providers/Microsoft.PowerApps/apis/shared_sharepointonline","tier":"NotSpecified"},"shared_excelonlinebusiness_1":{"connectionName":"e4105f92e087462b80950d596598d940","source":"Embedded","id":"/providers/Microsoft.PowerApps/apis/shared_excelonlinebusiness","tier":"NotSpecified"}},"flowFailureAlertSubscribed":false}}